epoch,train_mse,val_mse
0,-1.0,0.11577879637479782
1,-1.0,0.11574140936136246
2,-1.0,0.11518647521734238
3,-1.0,0.1156577318906784
4,-1.0,0.11584765464067459
