epoch,train_mse,val_mse
0,-1.0,0.009089957922697067
1,-1.0,0.004141624551266432
2,-1.0,0.0029170371126383543
