epoch,train_mse,val_mse
0,-1.0,0.0022823838517069817
1,-1.0,0.0017224594485014677
2,-1.0,0.0030985423363745213
3,-1.0,0.001861623371951282
