epoch,train_mse,val_mse
0,-1.0,0.003810302820056677
1,-1.0,0.0029066880233585835
