epoch,train_mse,val_mse
4,-1.0,0.00219198246486485
0,-1.0,0.0006368151516653597
