epoch,train_mse,val_mse
0,-1.0,0.00495110172778368
1,-1.0,0.003009450389072299
2,-1.0,0.0027405896689742804
3,-1.0,0.002611511619761586
4,-1.0,0.002549533499404788
5,-1.0,0.0025078600738197565
6,-1.0,0.0024813199415802956
7,-1.0,0.0024704686366021633
8,-1.0,0.0024638522882014513
9,-1.0,0.002474090550094843
10,-1.0,0.0024804126005619764
