epoch,train_mse,val_mse
0,-1.0,0.00914986152201891
1,-1.0,0.0039025358855724335
2,-1.0,0.002786320634186268
3,-1.0,0.002483622869476676
4,-1.0,0.0023837380576878786
