epoch,train_mse,val_mse
0,-1.0,0.014071965590119362
1,-1.0,0.004961236845701933
