epoch,train_mse,val_mse
0,-1.0,0.02179296873509884
1,-1.0,0.021239055320620537
2,-1.0,0.02079521119594574
3,-1.0,0.02054091915488243
4,-1.0,0.020279312506318092
